time,temperature_2m_max,temperature_2m_min,precipitation_sum,windspeed_10m_max
2022-01-01,31.1,23.9,0.0,13.5
2022-01-02,31.7,24.1,0.0,15.7
2022-01-03,31.5,24.6,0.0,17.5
2022-01-04,31.2,24.0,0.0,17.7
2022-01-05,29.9,23.7,0.0,14.8
2022-01-06,30.5,24.5,0.4,16.8
2022-01-07,30.2,24.0,0.7,17.7
2022-01-08,31.1,24.0,0.6,15.8
2022-01-09,29.9,23.5,0.5,15.1
2022-01-10,29.7,24.6,0.0,14.4
2022-01-11,30.5,24.2,0.0,13.8
2022-01-12,30.2,24.2,0.0,19.5
2022-01-13,30.3,23.5,0.0,20.1
2022-01-14,30.8,24.1,0.0,21.2
2022-01-15,31.2,24.1,0.0,18.1
2022-01-16,31.9,24.6,0.0,20.0
2022-01-17,32.0,24.5,0.0,16.4
2022-01-18,31.7,24.6,0.3,20.6
2022-01-19,30.0,23.7,0.5,20.7
2022-01-20,29.6,23.8,0.2,15.8
2022-01-21,30.0,23.9,0.2,19.6
2022-01-22,29.5,23.5,0.0,21.5
2022-01-23,29.7,22.8,0.1,23.3
2022-01-24,29.8,23.1,0.0,22.2
2022-01-25,29.7,23.5,0.0,24.8
2022-01-26,29.2,22.6,0.6,23.4
2022-01-27,29.8,23.3,0.5,19.8
2022-01-28,30.1,23.5,0.1,20.0
2022-01-29,31.0,23.5,0.1,24.6
2022-01-30,31.5,24.5,0.0,19.1
2022-01-31,30.6,24.9,0.0,17.7
2022-02-01,31.3,24.8,1.6,20.5
2022-02-02,29.9,24.4,1.8,17.1
2022-02-03,29.8,24.0,0.5,15.2
2022-02-04,30.1,23.1,0.0,22.5
2022-02-05,29.8,23.0,0.0,20.8
2022-02-06,29.5,23.6,0.1,20.0
2022-02-07,30.9,23.6,0.0,19.9
2022-02-08,30.4,24.2,0.0,17.6
2022-02-09,31.0,23.8,1.5,20.7
2022-02-10,31.2,24.3,0.0,18.8
2022-02-11,30.9,24.5,0.0,21.1
2022-02-12,29.8,23.8,1.8,15.7
2022-02-13,29.1,23.9,1.1,17.1
2022-02-14,29.5,23.9,1.4,17.4
2022-02-15,29.2,24.0,0.6,19.5
2022-02-16,29.5,23.4,7.1,18.8
2022-02-17,29.0,24.0,0.4,18.1
2022-02-18,28.8,23.9,2.3,17.5
2022-02-19,30.0,24.4,0.0,19.7
2022-02-20,31.0,25.0,0.4,18.8
2022-02-21,30.6,23.8,1.2,16.3
2022-02-22,30.6,24.3,0.7,14.8
2022-02-23,31.5,23.5,1.5,21.3
2022-02-24,31.0,24.4,0.3,18.8
2022-02-25,31.6,24.9,0.0,18.9
2022-02-26,31.6,24.6,0.0,21.3
2022-02-27,32.3,22.7,22.0,21.3
2022-02-28,30.4,24.2,1.0,18.1
2022-03-01,32.5,23.9,0.0,22.4
2022-03-02,33.5,23.1,0.0,21.4
2022-03-03,32.7,23.4,0.0,21.4
2022-03-04,32.7,23.4,0.0,21.3
2022-03-05,31.1,24.3,0.3,20.0
2022-03-06,30.7,24.9,0.4,22.1
2022-03-07,31.0,24.5,0.8,22.7
2022-03-08,30.9,24.1,2.7,18.6
2022-03-09,31.0,25.0,0.0,16.8
2022-03-10,31.1,24.7,0.0,22.4
2022-03-11,31.7,24.9,0.0,22.3
2022-03-12,31.4,25.0,0.0,21.6
2022-03-13,32.2,24.8,0.0,22.4
2022-03-14,33.1,25.0,0.0,23.1
2022-03-15,30.9,24.8,3.7,18.8
2022-03-16,30.5,24.6,1.4,15.3
2022-03-17,30.5,25.3,0.1,16.0
2022-03-18,31.3,23.9,2.7,17.3
2022-03-19,30.2,24.5,3.7,16.3
2022-03-20,29.3,24.8,1.5,14.3
2022-03-21,30.7,24.9,0.4,17.2
2022-03-22,30.6,24.9,0.9,19.3
2022-03-23,30.6,24.6,1.3,14.3
2022-03-24,29.1,24.5,1.9,11.3
2022-03-25,30.2,25.5,0.4,14.2
2022-03-26,31.0,26.0,0.8,14.2
2022-03-27,30.0,25.6,1.8,14.0
2022-03-28,31.5,25.3,3.1,14.2
2022-03-29,30.5,25.8,1.3,16.7
2022-03-30,29.6,24.2,6.6,13.1
2022-03-31,30.3,23.5,1.4,15.0
2022-04-01,30.4,25.0,1.3,12.1
2022-04-02,30.6,25.4,3.7,15.8
2022-04-03,31.0,24.4,11.3,13.0
2022-04-04,30.8,24.8,0.2,20.2
2022-04-05,30.1,24.5,4.3,20.6
2022-04-06,29.9,24.4,0.4,12.1
2022-04-07,31.0,24.8,0.6,14.1
2022-04-08,30.4,23.5,18.4,12.5
2022-04-09,29.9,23.6,18.1,13.0
2022-04-10,29.6,24.4,12.0,13.5
2022-04-11,30.0,24.2,15.7,13.3
2022-04-12,28.2,24.7,22.7,12.0
2022-04-13,28.6,24.5,26.9,13.3
2022-04-14,28.9,24.7,3.5,13.8
2022-04-15,30.0,24.3,0.8,15.0
2022-04-16,30.9,24.3,6.3,11.8
2022-04-17,30.4,25.0,6.3,17.1
2022-04-18,30.1,24.8,7.8,12.8
2022-04-19,29.1,24.5,3.1,15.7
2022-04-20,31.0,26.0,0.0,12.6
2022-04-21,31.3,25.4,0.8,16.0
2022-04-22,29.9,25.8,0.8,13.3
2022-04-23,29.5,25.0,7.5,12.1
2022-04-24,30.6,25.7,13.6,11.6
2022-04-25,31.2,25.8,6.2,10.9
2022-04-26,31.0,26.0,0.1,13.7
2022-04-27,31.4,25.9,1.3,20.8
2022-04-28,30.5,24.2,4.7,14.2
2022-04-29,30.9,25.0,10.8,15.9
2022-04-30,30.6,25.8,1.0,18.5
2022-05-01,29.8,25.5,21.4,15.1
2022-05-02,30.5,25.8,2.7,15.3
2022-05-03,31.5,26.6,0.8,18.6
2022-05-04,30.8,25.2,8.7,14.4
2022-05-05,29.2,24.3,20.1,13.9
2022-05-06,29.1,24.9,10.2,15.5
2022-05-07,30.6,25.6,6.0,16.1
2022-05-08,30.8,25.6,13.5,19.5
2022-05-09,29.4,24.3,17.3,16.5
2022-05-10,29.5,23.5,29.5,19.5
2022-05-11,28.7,23.2,17.0,13.4
2022-05-12,28.4,23.9,6.2,14.0
2022-05-13,29.2,24.4,14.4,10.5
2022-05-14,27.7,25.2,38.8,20.5
2022-05-15,27.8,25.2,67.9,19.6
2022-05-16,26.7,25.0,79.8,13.2
2022-05-17,26.6,24.5,130.7,22.9
2022-05-18,26.9,24.9,70.4,22.4
2022-05-19,26.9,24.4,36.4,26.3
2022-05-20,26.5,24.1,31.7,15.2
2022-05-21,27.2,24.1,35.7,16.8
2022-05-22,27.0,23.2,18.8,15.8
2022-05-23,28.5,24.0,13.0,14.9
2022-05-24,28.1,24.0,3.7,15.4
2022-05-25,28.9,25.2,0.8,16.7
2022-05-26,27.9,24.0,13.0,15.8
2022-05-27,28.1,24.2,6.9,16.7
2022-05-28,28.2,24.6,6.1,9.4
2022-05-29,27.9,24.5,7.4,14.3
2022-05-30,28.4,23.8,1.3,10.8
2022-05-31,29.0,23.6,8.5,19.1
2022-06-01,28.4,24.3,2.4,16.2
2022-06-02,28.4,24.8,7.3,16.3
2022-06-03,28.6,24.8,6.5,15.9
2022-06-04,28.9,25.1,4.4,11.5
2022-06-05,29.1,25.1,18.1,13.6
2022-06-06,29.0,24.0,13.8,14.4
2022-06-07,28.0,23.9,17.5,14.9
2022-06-08,28.5,24.2,11.5,16.4
2022-06-09,28.6,24.9,14.1,16.2
2022-06-10,27.4,24.2,10.4,10.5
2022-06-11,27.9,23.8,9.6,15.8
2022-06-12,27.1,23.4,17.4,11.0
2022-06-13,28.7,23.8,6.4,15.7
2022-06-14,28.6,24.5,3.6,17.9
2022-06-15,28.0,23.6,23.7,14.4
2022-06-16,28.5,23.3,11.9,15.6
2022-06-17,27.9,24.0,22.5,12.9
2022-06-18,27.1,24.0,15.7,9.8
2022-06-19,27.9,24.1,6.4,12.1
2022-06-20,28.0,23.6,20.7,14.3
2022-06-21,28.1,24.0,8.9,17.1
2022-06-22,28.3,23.9,4.2,11.8
2022-06-23,27.5,24.3,12.9,19.1
2022-06-24,27.7,24.9,14.9,23.2
2022-06-25,27.0,24.5,7.7,16.3
2022-06-26,29.0,24.0,4.9,19.8
2022-06-27,27.8,23.8,6.8,18.1
2022-06-28,27.1,24.1,12.4,21.0
2022-06-29,27.7,24.3,8.7,18.2
2022-06-30,27.1,24.7,24.8,21.6
2022-07-01,27.6,24.5,17.8,25.0
2022-07-02,28.0,24.6,14.8,22.8
2022-07-03,27.1,24.5,32.5,22.6
2022-07-04,27.4,23.5,14.4,21.6
2022-07-05,26.4,23.3,15.1,18.4
2022-07-06,27.1,23.4,13.1,18.8
2022-07-07,25.1,23.7,29.2,14.8
2022-07-08,27.4,23.8,9.3,20.7
2022-07-09,26.5,24.3,13.2,25.6
2022-07-10,27.5,23.6,8.7,23.4
2022-07-11,26.3,23.9,11.0,19.2
2022-07-12,26.4,23.7,9.7,19.1
2022-07-13,26.8,24.4,19.1,26.0
2022-07-14,27.6,24.1,24.9,32.8
2022-07-15,27.9,23.8,6.3,20.3
2022-07-16,27.2,24.6,6.6,13.0
2022-07-17,26.8,24.5,7.8,17.7
2022-07-18,27.8,24.3,13.8,21.3
2022-07-19,27.5,24.2,6.5,18.5
2022-07-20,27.6,24.8,11.8,20.7
2022-07-21,28.0,25.0,3.8,22.7
2022-07-22,26.6,24.0,12.5,19.2
2022-07-23,26.8,23.1,7.3,18.4
2022-07-24,27.5,24.1,1.4,17.1
2022-07-25,27.9,24.5,3.4,19.8
2022-07-26,28.0,24.2,0.6,18.1
2022-07-27,27.2,24.4,3.7,19.4
2022-07-28,27.4,24.8,0.7,15.5
2022-07-29,29.1,24.7,7.1,15.2
2022-07-30,28.1,24.8,7.7,17.2
2022-07-31,28.1,24.1,33.8,19.1
2022-08-01,26.1,24.3,90.8,33.7
2022-08-02,26.0,24.5,37.7,26.8
2022-08-03,26.0,24.0,54.0,29.0
2022-08-04,25.5,24.2,36.8,29.2
2022-08-05,26.1,23.9,25.0,23.7
2022-08-06,26.3,22.7,16.4,21.7
2022-08-07,27.1,24.4,16.1,24.1
2022-08-08,27.2,24.5,7.7,24.9
2022-08-09,28.0,25.2,3.6,22.5
2022-08-10,28.0,24.0,1.7,20.2
2022-08-11,28.4,24.3,2.6,13.4
2022-08-12,28.5,24.6,2.6,14.2
2022-08-13,28.0,24.5,0.5,15.0
2022-08-14,28.3,24.6,1.0,15.9
2022-08-15,28.5,24.9,0.2,16.3
2022-08-16,28.4,25.2,0.1,19.7
2022-08-17,28.0,25.3,1.6,18.0
2022-08-18,28.1,24.8,9.9,20.6
2022-08-19,27.7,24.5,2.4,20.5
2022-08-20,28.0,25.0,1.8,18.1
2022-08-21,26.9,23.9,25.0,16.2
2022-08-22,25.8,23.2,33.7,20.6
2022-08-23,25.8,23.5,30.4,15.9
2022-08-24,25.0,24.0,15.0,18.2
2022-08-25,26.5,24.0,8.0,22.8
2022-08-26,27.2,24.0,16.4,20.0
2022-08-27,25.5,24.1,13.6,16.2
2022-08-28,27.4,24.0,7.2,20.4
2022-08-29,27.0,23.8,23.8,22.6
2022-08-30,27.4,23.9,3.5,16.6
2022-08-31,26.8,24.2,5.1,19.1
2022-09-01,27.1,23.0,11.9,14.5
2022-09-02,27.7,23.7,5.7,22.5
2022-09-03,27.3,24.2,4.1,18.0
2022-09-04,27.8,24.1,4.3,17.7
2022-09-05,27.9,23.6,35.4,21.8
2022-09-06,27.0,24.0,10.5,24.2
2022-09-07,26.4,24.0,12.4,21.3
2022-09-08,26.7,24.0,10.4,17.2
2022-09-09,27.1,24.0,12.2,19.2
2022-09-10,26.4,24.5,19.5,19.5
2022-09-11,27.7,24.5,8.3,16.7
2022-09-12,26.8,23.8,7.5,15.1
2022-09-13,27.4,24.4,3.3,14.1
2022-09-14,27.8,24.5,3.2,14.5
2022-09-15,28.0,24.5,1.2,16.7
2022-09-16,27.8,24.5,2.3,18.4
2022-09-17,27.6,24.7,3.7,15.8
2022-09-18,27.8,24.2,3.1,15.1
2022-09-19,27.4,24.2,2.9,17.4
2022-09-20,28.0,24.1,2.8,17.8
2022-09-21,27.6,23.5,1.0,15.9
2022-09-22,27.5,23.4,0.5,15.5
2022-09-23,27.8,24.1,0.8,14.6
2022-09-24,27.9,24.2,2.3,18.3
2022-09-25,28.5,23.7,6.6,19.4
2022-09-26,29.0,24.8,0.6,22.9
2022-09-27,28.1,24.2,1.2,20.0
2022-09-28,28.2,24.5,2.0,18.6
2022-09-29,28.0,24.2,2.2,16.5
2022-09-30,27.6,23.0,1.5,14.9
2022-10-01,27.4,24.5,4.5,13.8
2022-10-02,28.0,23.4,20.3,17.1
2022-10-03,27.6,23.1,13.7,16.4
2022-10-04,28.3,23.5,6.2,19.2
2022-10-05,27.5,23.8,8.6,16.4
2022-10-06,26.7,23.5,3.6,10.5
2022-10-07,26.9,23.2,1.7,14.6
2022-10-08,27.9,23.4,0.2,14.8
2022-10-09,28.0,24.5,0.7,15.9
2022-10-10,28.4,23.9,0.0,13.8
2022-10-11,27.9,24.0,0.2,13.8
2022-10-12,28.9,23.9,1.5,14.4
2022-10-13,28.5,23.3,5.7,14.0
2022-10-14,28.1,23.8,4.0,13.2
2022-10-15,28.1,23.5,3.2,14.8
2022-10-16,28.4,24.1,5.9,13.7
2022-10-17,27.9,23.8,13.2,18.2
2022-10-18,26.0,23.6,10.5,14.0
2022-10-19,27.2,22.9,20.2,13.1
2022-10-20,27.2,23.8,6.8,16.1
2022-10-21,26.6,23.5,3.8,11.7
2022-10-22,28.2,23.3,4.1,10.0
2022-10-23,28.1,24.3,3.4,15.8
2022-10-24,28.1,23.8,2.4,12.4
2022-10-25,28.6,22.8,0.4,12.9
2022-10-26,28.5,23.0,1.3,13.0
2022-10-27,28.8,23.8,0.5,12.0
2022-10-28,29.0,23.6,2.1,12.8
2022-10-29,28.3,24.9,3.7,13.9
2022-10-30,27.6,24.1,2.0,11.3
2022-10-31,28.4,24.2,10.6,13.9
2022-11-01,26.8,23.2,7.7,12.0
2022-11-02,27.5,23.1,14.3,12.2
2022-11-03,28.5,23.7,0.2,12.0
2022-11-04,28.9,23.9,6.5,11.5
2022-11-05,28.5,23.6,7.2,7.3
2022-11-06,27.9,23.2,13.0,10.5
2022-11-07,28.6,23.6,2.1,10.1
2022-11-08,29.0,24.6,9.4,12.3
2022-11-09,28.5,24.1,0.2,12.0
2022-11-10,28.8,23.5,2.8,13.7
2022-11-11,28.2,23.0,8.5,12.7
2022-11-12,27.2,23.7,6.3,9.5
2022-11-13,29.2,23.4,10.0,14.8
2022-11-14,28.4,23.3,14.8,15.3
2022-11-15,28.5,23.5,0.9,11.9
2022-11-16,28.6,23.1,9.5,13.0
2022-11-17,28.2,22.6,2.9,12.5
2022-11-18,27.7,23.0,0.0,10.8
2022-11-19,28.3,23.0,2.0,8.7
2022-11-20,28.4,22.7,1.2,10.0
2022-11-21,28.2,22.9,0.2,13.0
2022-11-22,28.4,23.7,1.0,12.6
2022-11-23,28.7,23.4,0.7,11.1
2022-11-24,28.9,23.1,0.0,14.5
2022-11-25,29.4,23.9,0.0,15.0
2022-11-26,28.4,23.9,0.5,15.0
2022-11-27,27.5,23.4,4.1,10.6
2022-11-28,28.0,23.3,3.6,13.8
2022-11-29,28.0,24.5,2.5,8.2
2022-11-30,28.1,23.4,1.2,10.8
2022-12-01,29.2,23.7,0.1,15.5
2022-12-02,29.0,24.3,4.6,9.3
2022-12-03,28.6,23.9,3.9,12.0
2022-12-04,28.5,24.0,1.1,11.3
2022-12-05,29.4,23.8,0.7,16.6
2022-12-06,28.5,24.0,0.3,9.8
2022-12-07,28.2,23.6,0.4,10.1
2022-12-08,28.5,23.9,0.1,13.8
2022-12-09,29.3,23.2,1.8,16.1
2022-12-10,28.9,22.9,10.4,19.8
2022-12-11,25.5,22.9,49.6,17.1
2022-12-12,26.7,23.0,11.3,14.9
2022-12-13,29.1,23.6,0.0,16.6
2022-12-14,29.5,22.2,9.1,14.9
2022-12-15,28.1,21.9,0.0,12.6
2022-12-16,28.8,21.7,0.0,11.5
2022-12-17,29.5,22.8,0.0,13.4
2022-12-18,29.1,22.7,0.0,10.7
2022-12-19,29.1,23.8,0.0,11.5
2022-12-20,29.1,24.1,0.0,11.8
2022-12-21,30.2,23.5,0.0,12.2
2022-12-22,29.0,23.0,0.0,15.9
2022-12-23,28.8,23.2,0.0,12.2
2022-12-24,29.0,23.1,0.0,15.7
2022-12-25,30.2,23.5,3.5,13.8
2022-12-26,29.8,24.1,0.3,11.2
2022-12-27,28.5,24.6,1.5,12.1
2022-12-28,30.0,24.0,0.5,12.8
2022-12-29,29.0,24.1,0.0,15.2
2022-12-30,29.4,23.8,0.0,15.1
2022-12-31,29.1,22.7,0.0,16.5
2023-01-01,30.0,22.1,0.0,15.6
2023-01-02,29.0,21.6,0.0,16.8
2023-01-03,28.9,22.6,0.0,14.7
2023-01-04,29.3,23.0,0.0,18.5
2023-01-05,29.2,22.8,0.0,17.8
2023-01-06,30.1,23.1,0.0,17.6
2023-01-07,30.1,23.5,0.0,21.6
2023-01-08,30.4,23.9,0.0,18.4
2023-01-09,31.0,22.3,0.0,16.9
2023-01-10,29.4,22.3,0.0,15.5
2023-01-11,28.7,21.8,0.0,15.0
2023-01-12,29.3,21.5,0.0,17.0
2023-01-13,28.7,21.5,0.0,14.5
2023-01-14,29.5,21.5,0.0,17.6
2023-01-15,29.4,22.7,0.0,15.7
2023-01-16,29.9,22.5,0.1,16.2
2023-01-17,29.1,23.0,0.0,12.9
2023-01-18,31.0,22.4,0.0,18.0
2023-01-19,29.5,23.0,0.0,15.7
2023-01-20,29.6,22.5,0.0,17.1
2023-01-21,30.6,22.1,0.0,21.2
2023-01-22,29.4,22.9,0.0,14.2
2023-01-23,30.5,23.2,0.0,21.7
2023-01-24,30.2,22.4,14.3,18.4
2023-01-25,28.1,23.3,0.2,15.5
2023-01-26,28.9,22.9,0.8,14.8
2023-01-27,28.1,23.0,0.0,14.0
2023-01-28,29.1,22.3,0.0,16.1
2023-01-29,28.5,21.9,0.0,18.6
2023-01-30,29.2,22.9,5.1,21.6
2023-01-31,29.6,22.9,1.4,15.8
2023-02-01,29.5,23.5,0.0,15.1
2023-02-02,29.8,22.5,1.8,14.2
2023-02-03,28.4,23.4,0.6,16.6
2023-02-04,29.2,23.5,0.0,10.9
2023-02-05,29.2,23.2,0.0,15.8
2023-02-06,29.0,22.6,0.0,15.3
2023-02-07,29.6,22.9,0.0,15.1
2023-02-08,30.8,23.5,0.2,20.1
2023-02-09,29.4,23.8,0.0,19.5
2023-02-10,30.9,22.6,0.0,20.5
2023-02-11,29.5,22.6,0.0,19.1
2023-02-12,29.8,22.5,0.0,17.6
2023-02-13,30.2,22.2,0.0,20.5
2023-02-14,29.7,22.9,0.0,19.4
2023-02-15,30.9,22.8,0.0,22.2
2023-02-16,30.3,22.8,0.0,20.3
2023-02-17,30.6,23.0,0.0,21.3
2023-02-18,30.0,23.1,0.0,20.2
2023-02-19,31.2,22.8,0.0,20.1
2023-02-20,30.5,23.8,0.0,19.7
2023-02-21,30.8,24.5,0.0,19.5
2023-02-22,30.8,24.2,0.5,21.2
2023-02-23,29.6,23.2,0.0,21.1
2023-02-24,30.4,22.8,0.0,22.8
2023-02-25,31.6,23.7,0.0,22.5
2023-02-26,32.6,23.5,0.0,20.5
2023-02-27,31.6,21.5,0.0,21.6
2023-02-28,30.6,22.1,0.0,20.2
2023-03-01,31.9,25.1,0.0,16.8
2023-03-02,31.6,23.6,0.0,21.3
2023-03-03,33.0,22.8,0.0,20.9
2023-03-04,31.6,23.2,0.0,19.7
2023-03-05,32.2,24.7,0.0,22.9
2023-03-06,31.8,24.8,0.0,22.0
2023-03-07,31.9,24.6,0.0,20.2
2023-03-08,31.8,24.1,0.5,24.4
2023-03-09,31.9,25.1,0.1,24.0
2023-03-10,33.0,25.0,0.3,23.4
2023-03-11,31.0,25.0,0.2,19.9
2023-03-12,32.0,25.2,0.0,21.7
2023-03-13,31.6,25.4,0.0,21.9
2023-03-14,32.3,24.4,0.5,19.3
2023-03-15,31.0,24.5,1.7,18.6
2023-03-16,30.9,24.3,0.8,17.7
2023-03-17,31.5,23.8,1.9,18.4
2023-03-18,30.0,23.5,2.1,14.0
2023-03-19,29.4,24.6,4.1,12.0
2023-03-20,30.3,24.5,2.5,16.2
2023-03-21,31.5,24.8,0.0,22.2
2023-03-22,30.8,25.0,0.0,21.2
2023-03-23,31.3,25.5,0.0,18.3
2023-03-24,31.6,25.1,1.3,13.1
2023-03-25,31.8,25.6,0.0,15.0
2023-03-26,31.0,24.6,1.6,12.8
2023-03-27,31.4,24.8,0.0,18.6
2023-03-28,31.6,26.1,0.6,20.2
2023-03-29,30.5,24.2,8.3,16.0
2023-03-30,31.0,24.6,3.4,18.1
2023-03-31,31.1,25.1,0.1,19.3
2023-04-01,31.4,24.9,2.3,19.7
2023-04-02,30.5,24.0,0.5,16.2
2023-04-03,31.0,24.5,13.7,18.2
2023-04-04,30.5,25.2,0.2,19.8
2023-04-05,30.5,24.8,2.3,14.1
2023-04-06,30.7,24.8,0.4,16.4
2023-04-07,30.1,25.0,2.5,13.8
2023-04-08,30.8,25.5,0.1,23.2
2023-04-09,30.8,24.9,3.7,16.1
2023-04-10,31.2,25.3,0.2,20.1
2023-04-11,31.2,25.9,0.3,19.8
2023-04-12,31.5,26.0,0.0,21.3
2023-04-13,31.8,26.2,0.0,22.1
2023-04-14,31.6,26.5,0.3,20.1
2023-04-15,32.2,25.9,0.4,20.3
2023-04-16,32.2,26.1,0.6,18.3
2023-04-17,32.0,26.0,2.2,19.4
2023-04-18,32.0,26.5,1.6,17.7
2023-04-19,32.1,25.4,3.4,16.7
2023-04-20,31.5,26.2,2.9,15.1
2023-04-21,31.1,25.2,9.9,15.3
2023-04-22,30.9,25.0,2.0,15.8
2023-04-23,31.9,26.0,1.0,14.7
2023-04-24,31.9,25.1,15.7,17.0
2023-04-25,29.5,25.2,9.6,12.2
2023-04-26,30.5,25.2,8.8,12.7
2023-04-27,31.4,25.5,3.3,11.2
2023-04-28,30.1,24.6,10.4,15.5
2023-04-29,29.7,25.0,16.8,13.0
2023-04-30,30.4,24.1,33.0,10.1
2023-05-01,29.4,24.6,12.5,12.6
2023-05-02,29.6,24.1,17.3,15.5
2023-05-03,29.4,24.6,2.9,14.0
2023-05-04,30.9,25.8,1.8,15.2
2023-05-05,29.9,25.9,0.4,12.5
2023-05-06,30.7,24.5,7.2,10.5
2023-05-07,29.7,25.9,1.5,7.9
2023-05-08,30.9,25.2,1.0,15.8
2023-05-09,30.6,25.2,24.4,14.4
2023-05-10,30.5,24.1,9.6,13.7
2023-05-11,29.2,25.0,10.8,13.2
2023-05-12,30.6,26.0,4.8,11.5
2023-05-13,30.5,26.2,5.1,17.8
2023-05-14,31.1,26.2,5.5,18.0
2023-05-15,30.4,27.0,2.1,17.2
2023-05-16,31.5,26.7,0.9,19.0
2023-05-17,31.5,27.2,1.5,13.0
2023-05-18,31.8,26.7,6.4,14.4
2023-05-19,29.5,26.1,6.9,10.5
2023-05-20,30.0,26.0,3.4,10.4
2023-05-21,29.9,25.2,3.3,11.3
2023-05-22,30.6,25.5,2.5,16.8
2023-05-23,30.6,25.4,3.5,14.9
2023-05-24,30.2,25.8,4.1,15.1
2023-05-25,30.2,25.5,3.7,11.8
2023-05-26,29.6,25.6,3.3,12.9
2023-05-27,30.2,25.0,19.5,14.4
2023-05-28,31.2,26.5,1.1,13.8
2023-05-29,31.3,26.8,3.7,8.7
2023-05-30,30.9,26.0,2.6,11.7
2023-05-31,30.0,25.5,8.6,12.9
2023-06-01,29.2,25.1,4.0,12.4
2023-06-02,30.4,25.5,3.0,17.0
2023-06-03,30.2,24.9,20.6,14.8
2023-06-04,30.3,25.1,4.2,15.3
2023-06-05,29.9,24.4,12.4,15.2
2023-06-06,30.6,24.7,16.2,16.8
2023-06-07,28.4,24.2,10.0,14.1
2023-06-08,28.8,25.0,5.5,14.6
2023-06-09,29.0,24.0,26.3,16.3
2023-06-10,29.4,25.3,17.6,11.2
2023-06-11,30.2,25.3,5.0,9.8
2023-06-12,27.1,24.9,29.4,9.7
2023-06-13,28.5,25.0,17.0,11.4
2023-06-14,28.8,25.0,2.9,15.0
2023-06-15,29.8,26.2,1.8,17.0
2023-06-16,30.3,25.9,2.1,22.1
2023-06-17,28.8,25.0,5.4,14.6
2023-06-18,29.2,24.5,10.8,18.3
2023-06-19,28.5,24.9,4.7,16.3
2023-06-20,28.0,24.6,4.9,11.9
2023-06-21,29.4,24.7,5.2,12.3
2023-06-22,29.0,24.5,4.9,15.5
2023-06-23,28.0,24.8,4.6,16.1
2023-06-24,29.1,24.0,1.2,11.2
2023-06-25,28.2,24.6,26.7,18.6
2023-06-26,28.5,24.4,13.5,17.6
2023-06-27,26.5,24.0,34.6,21.7
2023-06-28,29.4,24.4,18.1,17.9
2023-06-29,27.6,24.2,8.4,13.3
2023-06-30,28.4,24.8,6.0,14.4
2023-07-01,29.4,24.4,3.3,14.2
2023-07-02,28.1,23.7,29.5,17.5
2023-07-03,27.2,23.7,44.6,22.9
2023-07-04,26.8,24.8,73.6,22.6
2023-07-05,25.5,24.5,78.3,23.1
2023-07-06,25.8,24.1,45.9,18.2
2023-07-07,26.6,23.8,27.5,16.6
2023-07-08,26.5,23.9,39.7,11.6
2023-07-09,28.8,24.5,3.8,14.4
2023-07-10,27.7,24.8,2.3,9.7
2023-07-11,27.4,23.9,8.4,11.7
2023-07-12,28.3,24.1,10.6,15.5
2023-07-13,27.6,24.1,20.1,16.1
2023-07-14,27.5,24.4,6.6,16.8
2023-07-15,28.2,25.0,2.7,15.5
2023-07-16,28.1,25.1,9.4,15.0
2023-07-17,27.7,24.7,5.1,15.6
2023-07-18,28.5,24.0,13.9,17.2
2023-07-19,28.6,24.0,17.3,23.5
2023-07-20,29.5,25.3,5.0,21.9
2023-07-21,29.4,25.2,7.4,23.0
2023-07-22,28.4,24.2,9.6,21.0
2023-07-23,26.4,23.8,25.1,19.5
2023-07-24,26.8,23.4,12.1,19.2
2023-07-25,27.0,23.4,1.8,14.9
2023-07-26,27.6,23.8,11.7,16.6
2023-07-27,28.7,24.4,5.8,17.7
2023-07-28,28.4,24.8,1.2,18.5
2023-07-29,28.9,25.0,0.3,22.0
2023-07-30,28.5,25.0,1.2,17.8
2023-07-31,28.4,24.7,2.6,19.8
2023-08-01,28.8,25.0,1.6,19.2
2023-08-02,28.6,25.2,1.9,16.5
2023-08-03,29.0,24.2,5.0,22.9
2023-08-04,28.2,24.3,3.3,12.0
2023-08-05,29.8,24.5,3.2,19.6
2023-08-06,28.5,25.1,3.5,19.0
2023-08-07,28.9,24.3,3.7,19.2
2023-08-08,28.2,24.5,0.8,14.8
2023-08-09,29.0,24.6,3.6,18.3
2023-08-10,28.9,25.4,2.8,19.7
2023-08-11,29.1,25.0,5.2,18.5
2023-08-12,28.5,24.0,3.4,19.4
2023-08-13,28.5,24.5,2.8,20.4
2023-08-14,28.6,24.2,2.9,18.8
2023-08-15,28.9,24.1,0.7,16.3
2023-08-16,29.0,24.1,1.8,14.6
2023-08-17,28.6,24.4,3.2,15.1
2023-08-18,28.6,24.0,5.1,13.8
2023-08-19,28.1,24.5,1.5,16.9
2023-08-20,29.0,25.0,1.7,16.7
2023-08-21,29.1,25.3,1.5,17.1
2023-08-22,29.8,25.5,0.3,16.6
2023-08-23,29.4,24.5,3.1,16.2
2023-08-24,29.6,24.5,1.1,13.4
2023-08-25,29.6,24.8,0.7,12.4
2023-08-26,29.2,25.2,2.3,14.0
2023-08-27,29.2,24.7,1.4,15.9
2023-08-28,29.6,23.6,29.0,22.0
2023-08-29,29.2,24.2,11.7,20.9
2023-08-30,29.0,25.2,5.0,18.7
2023-08-31,29.4,24.0,11.3,12.4
2023-09-01,29.5,24.9,9.7,15.8
2023-09-02,28.9,24.5,12.3,11.6
2023-09-03,27.0,24.1,27.5,14.0
2023-09-04,27.3,24.1,19.0,12.8
2023-09-05,26.5,24.0,30.9,13.9
2023-09-06,26.0,24.3,29.7,14.8
2023-09-07,25.8,23.9,35.6,14.3
2023-09-08,26.3,23.5,36.8,14.3
2023-09-09,28.4,24.0,26.9,18.3
2023-09-10,27.1,24.1,52.7,15.2
2023-09-11,28.1,23.5,30.1,18.4
2023-09-12,29.0,24.1,5.4,16.3
2023-09-13,27.7,24.1,7.9,15.1
2023-09-14,28.4,24.4,8.6,17.3
2023-09-15,26.5,24.0,29.6,13.6
2023-09-16,28.7,23.9,20.9,15.2
2023-09-17,28.5,23.7,17.4,13.3
2023-09-18,25.7,23.5,63.5,13.4
2023-09-19,28.0,24.0,6.1,12.7
2023-09-20,28.4,24.0,10.7,14.8
2023-09-21,28.6,23.9,37.7,14.9
2023-09-22,28.1,24.2,10.5,13.2
2023-09-23,28.5,23.6,23.8,14.0
2023-09-24,28.5,24.0,7.9,17.2
2023-09-25,28.5,24.6,17.6,13.4
2023-09-26,28.6,24.1,7.4,10.9
2023-09-27,28.7,24.0,5.9,12.3
2023-09-28,26.6,24.8,31.1,16.0
2023-09-29,26.3,23.4,45.9,16.1
2023-09-30,26.8,24.4,29.2,19.7
2023-10-01,26.8,23.8,33.6,17.9
2023-10-02,26.9,24.0,12.5,14.8
2023-10-03,29.1,24.6,4.3,13.9
2023-10-04,29.2,24.0,3.0,15.5
2023-10-05,29.2,24.4,1.6,14.8
2023-10-06,30.1,24.8,0.1,15.1
2023-10-07,29.8,24.6,0.0,13.0
2023-10-08,29.8,24.8,0.2,13.1
2023-10-09,30.8,25.1,0.0,13.5
2023-10-10,30.6,24.9,4.5,13.0
2023-10-11,29.0,23.9,30.9,13.9
2023-10-12,28.2,23.6,17.3,11.3
2023-10-13,29.5,23.9,5.5,12.0
2023-10-14,29.1,23.5,60.4,10.4
2023-10-15,28.4,24.0,6.3,11.1
2023-10-16,29.7,23.8,2.3,12.0
2023-10-17,29.9,23.6,46.5,10.2
2023-10-18,28.8,24.1,9.3,10.5
2023-10-19,29.1,24.1,5.8,11.4
2023-10-20,29.0,24.1,2.0,13.0
2023-10-21,29.4,23.8,6.5,9.0
2023-10-22,29.2,23.4,20.4,11.8
2023-10-23,28.5,23.1,10.4,15.6
2023-10-24,28.4,23.9,6.0,8.9
2023-10-25,29.2,23.8,0.8,10.6
2023-10-26,29.9,24.4,2.1,9.7
2023-10-27,29.1,23.7,3.8,11.8
2023-10-28,29.3,23.5,14.6,12.3
2023-10-29,29.9,24.0,27.4,10.5
2023-10-30,29.0,23.9,10.5,10.4
2023-10-31,29.1,24.0,9.6,9.2
2023-11-01,29.6,24.0,10.0,13.5
2023-11-02,29.5,23.8,11.5,10.7
2023-11-03,29.5,23.7,14.3,13.5
2023-11-04,27.2,23.6,33.2,12.1
2023-11-05,28.4,23.9,8.5,10.0
2023-11-06,30.0,23.8,5.9,10.5
2023-11-07,29.2,23.6,27.3,11.4
2023-11-08,29.4,24.2,38.5,8.4
2023-11-09,29.5,24.2,4.0,9.4
2023-11-10,29.6,24.2,4.7,11.8
2023-11-11,30.2,24.2,1.3,10.6
2023-11-12,30.0,24.2,0.0,13.2
2023-11-13,30.5,23.7,0.0,15.0
2023-11-14,29.0,23.9,1.0,11.4
2023-11-15,29.7,23.9,2.2,13.2
2023-11-16,30.0,24.0,1.9,10.5
2023-11-17,30.2,24.5,2.3,10.5
2023-11-18,29.0,24.4,9.3,10.4
2023-11-19,29.4,24.2,0.0,10.9
2023-11-20,29.5,24.2,0.4,11.6
2023-11-21,30.6,24.5,6.5,11.0
2023-11-22,29.4,24.0,44.8,13.0
2023-11-23,27.1,24.0,21.9,8.0
2023-11-24,30.5,24.4,12.6,8.4
2023-11-25,29.8,24.2,2.8,10.2
2023-11-26,30.2,23.9,0.0,10.4
2023-11-27,30.4,25.0,0.0,12.7
2023-11-28,30.5,24.2,2.5,10.1
2023-11-29,30.2,24.0,1.0,10.7
2023-11-30,30.5,24.2,0.7,9.1
2023-12-01,29.6,24.2,10.9,9.7
2023-12-02,29.4,24.2,0.9,14.5
2023-12-03,29.3,24.0,0.2,10.4
2023-12-04,29.4,24.5,2.2,14.0
2023-12-05,30.2,24.6,1.3,12.8
2023-12-06,30.1,24.4,0.1,11.7
2023-12-07,30.1,24.7,0.0,10.2
2023-12-08,31.2,24.8,4.0,12.5
2023-12-09,29.1,24.4,2.2,10.2
2023-12-10,30.6,24.5,8.8,12.3
2023-12-11,29.1,24.2,0.1,8.6
2023-12-12,29.5,24.0,8.2,10.4
2023-12-13,30.9,23.9,0.0,11.5
2023-12-14,30.5,23.9,0.0,12.1
2023-12-15,30.4,23.6,0.0,14.5
2023-12-16,30.0,24.2,3.7,7.9
2023-12-17,27.4,24.4,20.1,9.9
2023-12-18,26.7,24.4,8.4,9.2
2023-12-19,30.5,24.3,0.0,5.4
2023-12-20,31.4,24.5,0.0,10.6
2023-12-21,30.4,24.5,0.1,10.2
2023-12-22,30.8,24.4,0.0,12.5
2023-12-23,31.5,22.0,0.0,14.2
2023-12-24,32.1,22.4,0.0,13.2
2023-12-25,31.2,24.4,0.0,14.7
2023-12-26,31.4,22.6,0.0,13.4
2023-12-27,32.1,22.2,0.0,14.4
2023-12-28,32.5,24.3,0.1,14.6
2023-12-29,32.7,24.5,0.1,15.5
2023-12-30,33.1,24.4,0.2,16.6
2023-12-31,33.2,25.1,0.1,18.9
2024-01-01,31.3,24.8,0.0,17.1
2024-01-02,31.6,24.7,2.5,16.3
2024-01-03,30.7,24.1,16.6,14.1
2024-01-04,30.6,24.0,57.8,12.8
2024-01-05,28.2,24.5,26.0,7.1
2024-01-06,29.6,23.6,16.2,14.8
2024-01-07,29.8,23.9,0.0,9.0
2024-01-08,29.6,24.6,8.9,7.2
2024-01-09,28.0,24.0,33.9,10.5
2024-01-10,29.5,23.8,5.6,11.7
2024-01-11,31.5,24.2,0.0,9.9
2024-01-12,31.6,24.0,0.0,13.4
2024-01-13,30.3,23.7,0.0,12.0
2024-01-14,30.5,23.5,0.0,15.0
2024-01-15,30.0,23.1,0.8,16.9
2024-01-16,29.1,23.7,4.4,15.2
2024-01-17,29.0,23.9,1.8,11.1
2024-01-18,30.2,23.8,2.4,14.6
2024-01-19,29.8,24.5,2.0,13.0
2024-01-20,29.4,23.4,14.3,8.6
2024-01-21,31.9,24.0,3.2,14.9
2024-01-22,31.0,23.9,3.4,15.0
2024-01-23,30.7,24.5,2.0,18.6
2024-01-24,28.9,24.4,45.5,13.5
2024-01-25,30.8,23.8,0.1,16.8
2024-01-26,32.7,23.6,0.0,18.1
2024-01-27,33.2,23.5,0.0,18.5
2024-01-28,31.1,23.4,0.0,16.3
2024-01-29,31.4,23.9,0.0,16.7
2024-01-30,32.2,23.5,0.0,15.8
2024-01-31,31.8,24.3,1.0,16.9
2024-02-01,32.8,24.4,0.0,19.9
2024-02-02,31.8,24.3,0.4,16.7
2024-02-03,30.8,24.5,1.8,15.5
2024-02-04,32.2,24.9,0.0,19.5
2024-02-05,33.5,23.8,0.0,19.0
2024-02-06,33.3,23.4,0.0,17.8
2024-02-07,32.3,23.8,0.0,19.1
2024-02-08,32.5,23.8,0.0,21.7
2024-02-09,32.5,24.0,0.3,18.6
2024-02-10,34.0,24.2,0.0,16.8
2024-02-11,33.3,24.8,0.0,19.5
2024-02-12,32.3,24.4,0.0,20.7
2024-02-13,33.1,23.9,0.2,20.1
2024-02-14,33.2,25.2,0.0,17.9
2024-02-15,32.7,25.1,0.2,18.7
2024-02-16,34.9,25.0,0.0,22.1
2024-02-17,33.8,24.8,0.5,19.6
2024-02-18,31.9,23.6,5.3,16.5
2024-02-19,34.5,25.1,0.0,22.6
2024-02-20,33.5,25.5,0.2,18.4
2024-02-21,31.0,24.5,11.2,18.1
2024-02-22,31.8,25.0,1.4,15.6
2024-02-23,32.1,25.6,0.4,17.9
2024-02-24,31.2,23.5,4.8,16.6
2024-02-25,33.0,26.0,0.0,19.1
2024-02-26,33.1,25.6,0.6,22.1
2024-02-27,35.0,25.4,0.0,22.4
2024-02-28,33.2,25.5,0.0,20.3
2024-02-29,33.5,25.5,0.0,20.5
2024-03-01,33.3,25.6,0.1,20.3
2024-03-02,32.8,25.9,0.0,18.3
2024-03-03,31.6,24.8,2.3,21.4
2024-03-04,31.4,24.5,1.4,18.6
2024-03-05,33.2,25.6,0.7,20.5
2024-03-06,32.7,25.5,1.9,20.3
2024-03-07,32.5,25.5,0.0,21.0
2024-03-08,32.3,25.2,0.0,19.1
2024-03-09,32.6,25.4,1.0,17.7
2024-03-10,32.8,25.3,0.2,18.5
2024-03-11,31.3,24.9,11.1,18.0
2024-03-12,32.6,25.0,0.5,19.0
2024-03-13,31.1,26.4,1.3,15.9
2024-03-14,32.0,25.8,0.7,16.1
2024-03-15,31.8,24.5,3.9,19.4
2024-03-16,31.7,24.2,2.2,17.1
2024-03-17,32.2,24.6,2.3,19.5
2024-03-18,31.8,24.5,2.0,18.1
2024-03-19,32.5,24.5,0.9,17.3
2024-03-20,32.4,25.2,1.1,17.6
2024-03-21,33.2,25.2,0.0,21.9
2024-03-22,32.5,25.0,6.6,18.5
2024-03-23,32.4,25.0,3.0,18.2
2024-03-24,32.0,24.8,3.6,19.5
2024-03-25,32.0,24.2,4.7,19.4
2024-03-26,32.2,25.0,1.3,19.8
2024-03-27,32.5,25.7,1.3,20.0
2024-03-28,31.9,24.8,5.2,20.4
2024-03-29,30.0,23.4,24.0,15.5
2024-03-30,32.5,26.0,0.4,18.8
2024-03-31,31.6,25.8,1.0,13.4
2024-04-01,32.6,25.9,2.2,15.5
2024-04-02,31.9,25.0,18.3,16.0
2024-04-03,31.0,25.2,10.9,15.9
2024-04-04,32.0,25.0,31.2,18.9
2024-04-05,31.0,24.2,4.5,15.5
2024-04-06,33.5,26.8,0.2,19.6
2024-04-07,32.3,25.2,9.6,18.4
2024-04-08,33.2,25.1,25.0,19.8
2024-04-09,32.3,25.8,1.7,19.9
2024-04-10,32.8,26.6,0.9,21.1
2024-04-11,32.5,25.5,20.0,19.8
2024-04-12,32.7,25.4,14.4,13.3
2024-04-13,32.0,25.2,9.6,17.1
2024-04-14,32.2,25.5,3.7,16.8
2024-04-15,34.2,25.5,1.5,19.3
2024-04-16,32.5,25.2,1.1,17.4
2024-04-17,31.6,26.0,1.0,15.9
2024-04-18,32.3,26.2,2.7,14.1
2024-04-19,31.5,26.2,4.6,13.9
2024-04-20,33.0,26.4,4.2,15.5
2024-04-21,33.0,25.0,18.3,17.5
2024-04-22,32.2,25.6,5.4,15.8
2024-04-23,33.5,25.9,1.6,18.8
2024-04-24,32.0,25.9,0.6,15.3
2024-04-25,33.1,26.4,3.1,17.0
2024-04-26,33.8,25.9,16.8,17.9
2024-04-27,33.7,26.0,3.2,19.9
2024-04-28,32.7,26.1,3.0,19.7
2024-04-29,33.5,24.9,6.6,18.2
2024-04-30,32.5,25.4,7.9,16.3
2024-05-01,32.8,26.6,2.1,18.1
2024-05-02,34.0,26.4,2.0,18.4
2024-05-03,33.5,25.7,8.8,15.3
2024-05-04,33.0,25.8,5.3,14.7
2024-05-05,32.6,25.5,13.4,16.3
2024-05-06,34.2,27.9,0.4,17.8
2024-05-07,34.6,27.5,0.3,17.3
2024-05-08,33.7,26.0,28.3,17.8
2024-05-09,33.0,25.0,15.5,17.1
2024-05-10,31.1,25.4,1.2,9.4
2024-05-11,31.8,26.7,46.5,12.6
2024-05-12,31.4,26.0,31.7,11.5
2024-05-13,30.6,26.3,0.6,10.2
2024-05-14,29.9,25.8,16.3,17.1
2024-05-15,32.0,25.9,24.3,13.4
2024-05-16,30.5,25.8,13.9,14.2
2024-05-17,29.7,24.8,55.3,13.0
2024-05-18,29.0,24.6,30.1,15.1
2024-05-19,29.4,24.9,23.8,12.6
2024-05-20,26.8,24.8,54.8,13.3
2024-05-21,29.1,25.3,43.1,18.7
2024-05-22,27.2,25.3,182.6,21.2
2024-05-23,28.0,25.4,115.6,18.1
2024-05-24,27.6,24.1,83.3,18.6
2024-05-25,28.8,24.0,38.6,15.7
2024-05-26,29.7,24.1,37.0,16.7
2024-05-27,28.5,24.5,55.6,12.6
2024-05-28,26.6,25.0,166.4,13.4
2024-05-29,28.2,24.4,38.6,16.3
2024-05-30,28.3,24.2,72.9,19.3
2024-05-31,29.6,25.3,44.3,16.3
2024-06-01,29.8,24.8,12.1,16.4
2024-06-02,28.0,23.9,34.8,13.7
2024-06-03,29.0,24.1,24.4,10.5
2024-06-04,29.0,25.0,16.9,10.7
2024-06-05,28.5,24.6,32.6,15.9
2024-06-06,27.5,25.0,39.6,14.8
2024-06-07,27.5,24.5,16.0,15.7
2024-06-08,27.5,24.7,36.5,21.1
2024-06-09,28.5,24.5,11.3,17.1
2024-06-10,28.6,24.6,10.6,12.6
2024-06-11,28.7,24.7,14.8,15.6
2024-06-12,26.9,24.5,8.1,10.2
2024-06-13,28.4,24.6,9.4,12.6
2024-06-14,29.0,24.5,2.0,13.3
2024-06-15,29.6,24.1,0.9,11.0
2024-06-16,29.5,25.1,5.8,13.0
2024-06-17,28.6,24.6,39.7,13.3
2024-06-18,28.1,24.1,21.0,11.1
2024-06-19,27.8,23.8,27.9,15.7
2024-06-20,27.2,24.1,27.4,8.6
2024-06-21,26.2,23.6,39.9,12.2
2024-06-22,27.0,24.1,36.1,15.3
2024-06-23,27.0,24.6,41.5,22.0
2024-06-24,27.1,24.4,45.7,23.0
2024-06-25,26.8,24.4,54.7,21.8
2024-06-26,26.5,24.5,45.6,20.4
2024-06-27,26.9,23.8,20.0,15.0
2024-06-28,28.8,24.0,7.1,12.3
2024-06-29,28.9,24.5,2.2,12.3
2024-06-30,28.0,24.5,20.9,11.7
2024-07-01,27.6,25.0,11.5,11.5
2024-07-02,28.6,24.9,8.3,14.0
2024-07-03,28.9,24.5,4.0,11.6
2024-07-04,29.1,24.0,14.5,13.3
2024-07-05,27.5,24.5,9.4,13.8
2024-07-06,27.9,24.5,2.7,10.2
2024-07-07,28.5,24.0,11.6,14.8
2024-07-08,26.3,24.2,19.1,11.0
2024-07-09,28.0,23.6,19.8,14.1
2024-07-10,28.7,24.0,19.9,19.5
2024-07-11,28.8,24.0,4.9,14.4
2024-07-12,27.1,24.9,24.6,14.0
2024-07-13,26.6,24.0,32.3,21.7
2024-07-14,27.9,24.2,18.2,21.7
2024-07-15,26.8,24.4,35.0,21.0
2024-07-16,27.6,24.1,37.4,25.5
2024-07-17,26.5,24.7,23.6,20.0
2024-07-18,26.4,23.9,25.2,21.5
2024-07-19,27.0,24.0,7.7,20.2
2024-07-20,29.1,24.6,7.4,19.5
2024-07-21,29.5,25.1,3.9,16.7
2024-07-22,28.2,25.0,3.4,15.5
2024-07-23,28.5,24.8,3.7,15.6
2024-07-24,28.9,24.4,7.8,20.7
2024-07-25,28.0,24.2,9.4,21.9
2024-07-26,28.4,24.7,10.4,20.0
2024-07-27,28.1,25.1,5.5,25.5
2024-07-28,28.1,23.8,17.0,23.4
2024-07-29,26.4,23.7,59.9,12.5
2024-07-30,26.6,24.2,20.8,14.0
2024-07-31,26.3,24.3,17.6,14.8
2024-08-01,27.4,23.8,8.7,15.0
2024-08-02,27.8,24.0,1.5,12.3
2024-08-03,29.0,24.5,10.0,13.5
2024-08-04,28.4,24.5,3.5,13.0
2024-08-05,28.4,24.0,14.1,15.0
2024-08-06,28.4,24.1,1.7,16.4
2024-08-07,27.5,24.5,8.7,15.6
2024-08-08,27.0,24.1,10.0,14.7
2024-08-09,28.6,24.2,9.4,16.9
2024-08-10,27.8,25.0,4.8,19.5
2024-08-11,29.0,25.5,2.2,22.2
2024-08-12,29.0,24.6,39.8,20.7
2024-08-13,28.7,24.4,12.4,15.1
2024-08-14,29.0,24.5,4.8,13.6
2024-08-15,29.0,25.0,2.3,13.8
2024-08-16,28.2,25.2,12.2,18.7
2024-08-17,28.3,24.9,2.8,13.8
2024-08-18,28.3,25.0,0.8,14.2
2024-08-19,28.8,25.1,12.8,17.4
2024-08-20,29.3,24.2,16.4,19.4
2024-08-21,29.2,24.2,7.9,17.1
2024-08-22,29.0,24.3,1.6,11.3
2024-08-23,28.9,24.5,3.2,15.1
2024-08-24,27.9,24.8,6.1,14.2
2024-08-25,29.1,24.6,7.2,18.7
2024-08-26,29.0,24.2,6.0,16.9
2024-08-27,27.9,24.5,5.9,14.8
2024-08-28,27.4,24.5,5.3,14.7
2024-08-29,26.4,24.0,15.2,14.3
2024-08-30,28.0,23.6,22.9,14.4
2024-08-31,27.0,24.4,9.2,15.5
2024-09-01,27.2,24.7,12.9,20.8
2024-09-02,28.3,23.9,10.2,17.3
2024-09-03,26.8,24.0,8.2,12.4
2024-09-04,27.5,24.8,5.2,18.0
2024-09-05,28.6,23.9,2.9,20.0
2024-09-06,28.5,24.5,3.1,18.8
2024-09-07,28.8,24.5,5.3,17.7
2024-09-08,27.8,24.9,13.8,17.7
2024-09-09,26.9,24.2,20.2,17.7
2024-09-10,28.4,23.9,12.1,20.0
2024-09-11,26.8,24.0,6.1,13.3
2024-09-12,28.1,24.1,1.3,14.8
2024-09-13,28.8,24.6,4.4,14.7
2024-09-14,28.6,24.8,6.6,15.6
2024-09-15,28.8,25.1,3.7,15.6
2024-09-16,29.1,25.1,2.0,20.8
2024-09-17,29.0,24.8,3.8,21.1
2024-09-18,29.1,24.4,1.0,17.6
2024-09-19,28.5,23.6,1.5,14.2
2024-09-20,28.6,23.6,1.8,15.3
2024-09-21,28.5,24.1,2.8,17.3
2024-09-22,28.2,24.5,7.3,19.7
2024-09-23,28.0,24.5,25.2,17.4
2024-09-24,28.9,24.5,4.5,17.9
2024-09-25,29.0,24.5,3.6,18.5
2024-09-26,29.0,24.1,2.5,15.2
2024-09-27,29.1,24.9,1.9,15.6
2024-09-28,29.1,25.2,5.0,16.2
2024-09-29,30.7,23.9,12.4,12.1
2024-09-30,30.5,23.9,10.9,12.3
2024-10-01,29.9,24.1,1.5,16.4
2024-10-02,30.0,25.4,3.5,17.0
2024-10-03,29.4,25.2,4.2,17.2
2024-10-04,29.6,24.0,6.8,12.4
2024-10-05,28.0,23.7,0.7,9.2
2024-10-06,29.1,24.0,24.4,9.7
2024-10-07,28.8,24.1,15.8,17.2
2024-10-08,29.1,24.2,3.2,14.3
2024-10-09,27.7,23.9,30.6,17.5
2024-10-10,27.6,24.0,5.7,10.1
2024-10-11,27.9,24.5,31.7,15.6
2024-10-12,28.8,24.2,13.1,10.4
2024-10-13,28.6,24.3,4.1,13.6
2024-10-14,28.5,23.4,30.7,8.0
2024-10-15,26.9,23.3,15.8,11.4
2024-10-16,27.1,24.4,9.6,10.6
2024-10-17,28.2,24.1,2.6,13.7
2024-10-18,28.9,23.8,1.4,14.2
2024-10-19,28.8,24.2,2.3,12.2
2024-10-20,29.6,24.4,0.6,10.8
2024-10-21,28.5,24.3,20.8,9.2
2024-10-22,29.6,24.0,5.5,8.8
2024-10-23,29.4,23.2,17.5,12.7
2024-10-24,28.4,23.8,12.6,18.3
2024-10-25,27.0,23.1,37.4,18.7
2024-10-26,28.9,23.5,6.2,17.8
2024-10-27,28.5,23.8,1.6,18.7
2024-10-28,28.9,23.7,1.5,11.4
2024-10-29,29.5,23.5,0.1,13.3
2024-10-30,29.3,24.5,0.5,12.1
2024-10-31,29.8,24.0,3.3,11.5
2024-11-01,29.4,24.0,9.8,12.1
2024-11-02,29.1,23.3,21.9,12.8
2024-11-03,29.9,23.0,11.8,13.3
2024-11-04,28.6,23.0,8.0,10.8
2024-11-05,28.5,22.9,0.5,10.5
2024-11-06,28.6,23.6,1.2,12.4
2024-11-07,29.2,23.9,5.6,10.0
2024-11-08,28.6,24.0,7.0,11.9
2024-11-09,29.1,23.6,0.5,13.5
2024-11-10,29.1,23.5,2.3,14.5
2024-11-11,29.2,24.3,0.7,9.4
2024-11-12,29.5,23.9,2.2,12.3
2024-11-13,31.2,24.3,3.1,10.7
2024-11-14,30.5,24.3,13.3,12.2
2024-11-15,30.1,24.6,17.6,7.7
2024-11-16,29.9,24.3,9.1,12.9
2024-11-17,30.6,24.7,2.2,11.7
2024-11-18,30.0,24.7,0.0,12.3
2024-11-19,32.5,24.1,3.6,9.8
2024-11-20,28.0,24.3,4.0,9.3
2024-11-21,31.6,24.4,0.2,14.3
2024-11-22,32.0,24.7,0.4,12.2
2024-11-23,31.3,24.6,0.9,15.5
2024-11-24,31.5,24.6,0.2,8.9
2024-11-25,32.7,24.9,1.9,13.0
2024-11-26,28.9,24.2,16.2,10.7
2024-11-27,29.4,24.5,0.3,9.8
2024-11-28,30.1,24.2,0.3,11.5
2024-11-29,31.0,25.1,0.0,15.0
2024-11-30,30.1,24.8,3.7,17.6
2024-12-01,29.1,24.5,10.7,19.2
2024-12-02,27.4,23.9,36.2,18.6
2024-12-03,28.9,23.8,0.8,9.0
2024-12-04,29.1,24.0,1.9,10.8
2024-12-05,30.0,24.0,3.1,14.1
2024-12-06,30.2,23.9,0.2,13.1
2024-12-07,29.8,24.2,2.9,11.0
2024-12-08,30.3,24.0,1.0,7.5
2024-12-09,30.5,23.9,0.6,11.3
2024-12-10,29.8,24.1,4.5,11.3
2024-12-11,31.2,24.0,0.0,12.6
2024-12-12,27.1,24.8,43.5,6.7
2024-12-13,28.0,24.1,15.2,5.7
2024-12-14,28.6,23.1,3.7,9.0
2024-12-15,30.1,23.0,0.0,11.8
2024-12-16,30.5,23.0,0.0,10.5
2024-12-17,30.2,23.5,0.0,8.7
2024-12-18,30.0,23.4,0.0,10.3
2024-12-19,30.6,23.5,0.4,12.7
2024-12-20,30.5,24.4,0.4,14.5
2024-12-21,30.6,24.5,2.3,18.9
2024-12-22,30.5,24.2,0.7,15.0
2024-12-23,30.7,23.1,0.0,10.6
2024-12-24,30.4,23.0,0.0,13.2
2024-12-25,30.2,23.1,0.1,13.9
2024-12-26,30.0,23.8,1.0,12.7
2024-12-27,30.2,24.4,1.2,12.5
2024-12-28,31.0,24.7,0.1,13.1
2024-12-29,31.3,24.5,0.0,13.3
2024-12-30,32.5,24.2,0.8,15.0
2024-12-31,33.0,25.6,0.0,10.3
2025-01-01,34.0,23.9,0.0,13.9
2025-01-02,31.9,23.7,0.0,17.8
2025-01-03,34.2,22.6,0.0,17.1
2025-01-04,32.4,22.8,0.0,15.2
2025-01-05,33.0,22.5,0.0,14.4
2025-01-06,32.5,22.9,0.0,15.4
2025-01-07,31.3,22.9,0.0,12.9
2025-01-08,31.4,23.6,0.4,11.9
2025-01-09,33.1,24.4,0.0,18.9
2025-01-10,33.1,24.4,0.0,19.0
2025-01-11,31.8,25.6,0.6,17.6
2025-01-12,33.1,25.4,0.4,14.5
2025-01-13,32.4,25.4,2.5,17.5
2025-01-14,30.4,25.1,1.6,10.3
2025-01-15,31.0,25.2,0.7,12.1
2025-01-16,31.5,24.4,0.0,15.0
2025-01-17,33.0,23.2,0.0,18.2
2025-01-18,33.2,23.2,0.7,15.7
2025-01-19,28.5,25.1,1.8,4.7
2025-01-20,31.0,24.8,0.0,10.2
2025-01-21,32.7,24.0,0.0,16.6
2025-01-22,32.5,23.6,0.0,17.0
2025-01-23,33.4,25.0,0.8,14.1
2025-01-24,32.8,24.5,0.0,14.9
2025-01-25,33.8,24.8,0.0,19.0
2025-01-26,32.6,25.0,0.0,18.3
2025-01-27,33.0,23.6,0.0,17.0
2025-01-28,31.5,23.6,0.0,15.0
2025-01-29,32.8,25.1,0.0,18.3
2025-01-30,32.8,25.0,0.0,18.4
2025-01-31,32.5,24.1,4.4,14.7
2025-02-01,30.9,24.1,2.2,11.8
2025-02-02,31.6,23.9,0.1,16.0
2025-02-03,30.5,25.0,1.1,12.9
2025-02-04,34.1,24.5,0.0,19.4
2025-02-05,33.0,24.1,0.0,17.4
2025-02-06,32.2,24.2,0.0,18.4
2025-02-07,33.4,23.6,0.0,16.6
2025-02-08,33.0,23.5,0.0,17.3
2025-02-09,34.2,24.0,0.0,18.6
2025-02-10,32.4,24.4,0.0,17.8
2025-02-11,32.2,24.1,0.0,17.8
2025-02-12,32.3,24.0,0.0,18.3
2025-02-13,31.7,24.5,0.0,17.3
2025-02-14,31.5,24.1,0.0,15.4
2025-02-15,32.3,24.5,0.2,18.8
2025-02-16,32.0,25.2,0.2,17.9
2025-02-17,31.4,25.0,0.0,17.1
2025-02-18,31.2,24.9,0.0,15.9
2025-02-19,31.8,24.6,0.1,17.1
2025-02-20,32.3,25.5,0.3,14.5
2025-02-21,32.2,25.5,0.2,18.6
2025-02-22,31.0,25.3,1.1,15.5
2025-02-23,32.3,25.2,0.7,20.5
2025-02-24,32.8,24.4,2.6,18.2
2025-02-25,33.0,24.6,0.0,20.3
2025-02-26,34.7,26.0,0.1,17.1
2025-02-27,34.0,25.8,0.9,20.2
2025-02-28,34.8,25.6,0.9,18.8
2025-03-01,32.7,26.2,4.2,15.7
2025-03-02,33.7,25.4,3.0,16.6
2025-03-03,33.5,25.3,0.5,16.0
2025-03-04,32.0,26.2,0.4,19.0
2025-03-05,32.2,25.4,0.6,18.9
2025-03-06,32.3,25.2,0.6,16.0
2025-03-07,33.0,25.3,5.2,18.8
2025-03-08,30.5,25.1,2.0,13.8
2025-03-09,32.2,25.5,1.3,16.9
2025-03-10,34.2,25.6,0.0,18.7
2025-03-11,34.9,25.6,0.2,15.0
2025-03-12,33.3,24.6,10.4,20.5
2025-03-13,31.6,24.5,0.1,14.8
2025-03-14,32.0,25.5,0.8,14.6
2025-03-15,33.0,25.6,2.6,15.0
2025-03-16,31.9,23.6,33.9,13.6
2025-03-17,30.3,23.6,0.2,9.8
2025-03-18,31.5,24.3,11.5,12.6
2025-03-19,31.4,24.4,1.8,14.0
2025-03-20,32.2,25.5,0.7,16.4
2025-03-21,31.8,25.2,5.5,11.5
2025-03-22,31.0,25.3,1.4,9.0
2025-03-23,31.6,25.1,3.0,11.4
2025-03-24,32.5,25.6,2.5,10.6
2025-03-25,31.6,25.0,7.5,13.8
2025-03-26,31.6,25.0,2.2,12.3
2025-03-27,31.6,25.0,0.0,11.8
2025-03-28,33.4,24.5,3.5,16.6
2025-03-29,32.0,25.4,0.4,16.5
2025-03-30,32.0,26.2,0.2,16.4
2025-03-31,32.5,25.0,1.8,13.5
2025-04-01,33.1,24.9,1.4,13.8
2025-04-02,31.5,25.2,8.6,14.8
2025-04-03,32.0,25.2,2.4,10.5
2025-04-04,32.8,24.5,8.1,10.5
2025-04-05,30.5,24.5,7.1,10.9
2025-04-06,30.8,25.0,15.6,10.9
2025-04-07,31.1,25.6,1.5,12.8
2025-04-08,31.7,23.5,6.6,14.4
2025-04-09,31.2,23.8,3.2,13.2
2025-04-10,30.2,25.0,1.8,12.4
2025-04-11,30.6,24.8,5.8,13.6
2025-04-12,29.9,24.6,11.4,13.2
2025-04-13,29.8,25.0,2.1,13.4
2025-04-14,31.0,23.0,7.9,16.5
2025-04-15,31.9,23.6,2.0,15.0
2025-04-16,32.0,25.1,3.6,13.3
2025-04-17,31.3,24.8,1.5,12.8
2025-04-18,32.5,25.8,1.7,11.8
2025-04-19,32.0,25.8,2.8,13.4
2025-04-20,33.8,26.5,2.4,12.8
2025-04-21,33.1,25.5,9.5,12.0
2025-04-22,31.6,25.1,1.0,12.1
2025-04-23,31.4,25.1,3.2,13.4
2025-04-24,31.5,24.4,7.2,13.3
2025-04-25,30.8,24.4,3.1,11.4
2025-04-26,31.5,24.4,15.7,13.9
2025-04-27,31.1,24.1,2.0,13.8
2025-04-28,30.5,24.2,16.7,16.5
2025-04-29,30.8,25.3,5.3,10.7
2025-04-30,31.2,25.4,2.7,12.9
2025-05-01,31.1,25.5,0.1,11.5
2025-05-02,31.8,25.0,13.8,14.5
2025-05-03,30.9,24.5,8.4,12.3
2025-05-04,31.8,24.5,2.3,16.8
2025-05-05,31.2,25.1,3.6,11.7
2025-05-06,31.3,25.0,3.5,15.4
2025-05-07,32.2,25.2,0.7,16.7
2025-05-08,32.2,25.8,0.0,15.3
2025-05-09,32.7,26.0,0.0,17.8
2025-05-10,33.3,26.0,0.2,14.5
2025-05-11,33.0,26.1,0.8,15.9
2025-05-12,32.2,25.6,8.0,14.5
2025-05-13,29.9,25.2,17.2,13.7
2025-05-14,30.6,25.5,8.6,12.7
2025-05-15,31.0,26.3,1.0,12.5
2025-05-16,30.7,26.0,2.7,14.7
2025-05-17,29.6,24.6,28.0,10.2
2025-05-18,29.3,24.7,10.6,10.4
2025-05-19,27.8,24.7,51.5,13.9
2025-05-20,29.9,25.2,8.1,18.8
2025-05-21,30.5,25.3,5.1,15.3
2025-05-22,30.0,25.4,8.1,8.5
2025-05-23,29.0,25.3,22.1,13.6
2025-05-24,27.1,24.2,37.7,21.6
2025-05-25,28.5,24.6,79.5,25.9
2025-05-26,27.8,25.6,78.8,29.3
2025-05-27,28.7,24.1,18.1,26.5
2025-05-28,30.7,25.4,15.7,26.3
2025-05-29,28.1,25.2,58.5,28.5
2025-05-30,26.6,25.0,82.1,25.5
2025-05-31,27.5,23.6,18.0,17.8
2025-06-01,30.0,24.0,3.1,17.3
2025-06-02,29.9,24.3,7.3,15.1
2025-06-03,29.4,23.8,15.2,11.8
2025-06-04,28.6,24.1,8.9,11.0
2025-06-05,30.1,24.5,1.1,14.7
2025-06-06,30.2,24.2,2.2,17.5
2025-06-07,29.4,24.0,2.4,17.0
2025-06-08,29.9,23.6,6.2,16.1
2025-06-09,29.6,23.5,0.8,18.7
2025-06-10,28.3,23.6,35.1,17.4
2025-06-11,28.0,23.2,33.6,20.1
2025-06-12,28.4,24.6,20.6,18.9
2025-06-13,27.5,24.7,47.5,20.1
2025-06-14,26.9,24.3,44.2,18.9
2025-06-15,27.8,24.8,68.6,23.0
2025-06-16,27.5,24.1,34.6,19.2
2025-06-17,28.2,23.9,17.0,17.6
2025-06-18,28.8,23.9,9.3,11.1
2025-06-19,28.1,24.3,6.8,10.6
2025-06-20,28.6,24.1,7.4,13.6
2025-06-21,28.2,24.0,4.5,11.8
2025-06-22,27.5,23.9,14.7,10.6
2025-06-23,28.4,24.0,5.9,15.7
2025-06-24,28.4,24.0,7.4,18.2
2025-06-25,28.1,23.8,28.2,18.3
2025-06-26,27.3,24.0,39.9,9.7
2025-06-27,29.0,24.1,13.9,16.0
2025-06-28,27.4,23.9,17.6,10.6
2025-06-29,28.0,23.7,3.2,10.4
2025-06-30,29.1,24.1,5.9,16.2
2025-07-01,28.1,24.1,5.9,18.7
2025-07-02,27.6,24.1,15.1,14.4
2025-07-03,28.2,23.9,2.9,13.5
2025-07-04,29.0,24.0,2.5,9.9
2025-07-05,28.6,24.0,4.6,13.0
2025-07-06,29.2,23.8,6.3,15.6
2025-07-07,28.9,24.0,4.0,14.3
2025-07-08,28.8,24.2,3.5,17.7
2025-07-09,29.1,24.2,6.3,16.3
2025-07-10,29.1,24.4,4.0,17.5
2025-07-11,29.2,23.6,23.7,19.6
2025-07-12,28.5,23.5,16.4,19.8
2025-07-13,27.7,24.5,19.4,15.9
2025-07-14,27.5,24.0,15.8,18.1
2025-07-15,27.0,24.4,16.7,19.0
2025-07-16,25.9,23.8,63.5,20.6
2025-07-17,27.3,23.8,28.1,19.2
2025-07-18,27.9,24.4,19.5,21.8
2025-07-19,25.5,23.9,55.9,20.9
2025-07-20,26.2,23.7,29.3,17.6
2025-07-21,26.5,23.6,20.1,17.2
2025-07-22,26.6,23.8,19.5,14.7
2025-07-23,26.2,24.0,27.9,18.0
2025-07-24,27.5,24.0,25.1,20.9
2025-07-25,28.5,23.7,21.6,23.0
2025-07-26,26.5,23.5,33.4,23.0
2025-07-27,26.5,23.1,7.1,11.5
2025-07-28,28.6,24.1,1.5,19.4
2025-07-29,29.3,24.4,1.3,23.8
2025-07-30,28.6,23.5,4.6,17.7
2025-07-31,27.5,23.8,12.7,17.6
2025-08-01,27.6,24.6,22.0,17.1
2025-08-02,27.0,24.4,38.9,19.1
2025-08-03,26.8,24.0,23.4,15.0
2025-08-04,28.1,23.8,15.3,16.9
2025-08-05,27.0,23.8,5.7,14.1
2025-08-06,27.9,23.8,1.5,17.5
2025-08-07,27.8,24.7,3.7,16.5
2025-08-08,28.2,24.4,8.9,12.6
2025-08-09,27.3,23.8,4.2,11.9
2025-08-10,27.9,23.1,22.2,13.9
2025-08-11,28.0,23.5,10.3,12.4
2025-08-12,27.5,23.4,15.4,16.6
2025-08-13,26.3,23.5,9.9,17.6
2025-08-14,26.6,23.1,27.0,18.2
2025-08-15,27.0,23.1,56.9,17.5
2025-08-16,26.7,23.6,22.1,22.8
2025-08-17,27.3,23.4,15.3,20.2
2025-08-18,28.2,23.2,6.5,12.2
2025-08-19,28.8,23.8,3.5,17.6
2025-08-20,28.5,24.0,2.4,11.7
2025-08-21,28.4,24.0,1.0,16.3
2025-08-22,28.2,24.9,5.1,14.8
2025-08-23,28.5,24.8,1.8,14.6
2025-08-24,28.6,24.6,1.2,14.7
2025-08-25,29.0,24.5,1.0,18.4
2025-08-26,28.5,24.0,6.8,16.9
2025-08-27,26.5,24.0,33.7,19.4
2025-08-28,26.4,23.9,39.7,22.9
2025-08-29,26.8,23.9,14.0,18.1
2025-08-30,27.4,23.4,12.5,16.1
2025-08-31,28.0,23.7,6.4,18.5
2025-09-01,27.8,24.1,9.5,21.9
2025-09-02,28.2,24.6,3.4,20.4
2025-09-03,27.4,23.1,7.2,18.8
2025-09-04,27.4,23.5,5.7,17.5
2025-09-05,27.6,24.0,6.5,13.9
2025-09-06,28.5,24.4,1.7,14.5
2025-09-07,28.5,24.6,3.8,17.2
2025-09-08,28.5,24.5,1.3,18.9
2025-09-09,28.7,24.5,2.1,15.7
2025-09-10,28.8,24.5,2.7,13.9
2025-09-11,28.8,25.2,2.0,17.0
2025-09-12,29.0,25.2,1.7,15.9
2025-09-13,28.9,24.0,1.8,15.7
2025-09-14,28.6,24.2,2.2,12.6
2025-09-15,28.2,24.2,10.6,15.4
2025-09-16,28.2,24.0,8.8,12.6
2025-09-17,27.9,24.3,37.6,15.1
2025-09-18,27.5,24.3,9.5,12.0
2025-09-19,28.5,24.5,4.8,10.6
2025-09-20,28.6,24.4,1.5,13.7
2025-09-21,28.0,23.9,6.6,12.8
2025-09-22,28.5,23.9,3.8,13.9
2025-09-23,27.6,23.9,19.8,12.9
2025-09-24,28.4,23.5,14.6,13.9
2025-09-25,27.7,23.5,22.8,15.6
2025-09-26,27.7,23.8,15.7,18.2
2025-09-27,27.6,23.5,18.4,17.2
2025-09-28,28.0,24.1,11.0,14.9
2025-09-29,30.0,24.1,4.0,19.7
2025-09-30,28.9,24.4,1.6,15.1
2025-10-01,29.0,24.3,1.3,11.7
2025-10-02,29.0,24.8,1.5,13.4
2025-10-03,30.1,24.5,6.0,13.1
2025-10-04,29.8,24.1,5.0,10.7
2025-10-05,28.4,25.1,2.0,13.1
2025-10-06,29.5,25.0,0.3,15.5
2025-10-07,29.5,24.8,0.3,17.0
2025-10-08,30.6,25.0,0.8,11.2
2025-10-09,29.9,25.0,2.7,10.7
2025-10-10,30.4,23.9,7.5,11.5
2025-10-11,30.9,24.8,0.1,12.9
2025-10-12,31.5,23.9,17.6,16.4
2025-10-13,29.6,25.0,2.7,10.7
2025-10-14,30.5,23.9,15.5,14.5
2025-10-15,29.2,24.5,13.7,10.8
2025-10-16,28.7,24.4,8.4,12.8
2025-10-17,29.0,24.6,24.7,9.7
2025-10-18,29.2,24.2,11.0,12.5
2025-10-19,29.8,23.8,8.3,14.8
2025-10-20,29.9,24.1,9.4,10.4
2025-10-21,27.2,24.1,8.1,8.7
2025-10-22,29.1,24.5,27.6,19.6
2025-10-23,29.0,23.4,15.9,21.5
2025-10-24,28.8,23.5,5.1,15.5
2025-10-25,29.0,24.4,1.2,13.1
2025-10-26,29.9,24.6,2.1,11.7
2025-10-27,25.0,23.1,26.2,13.6
2025-10-28,29.0,23.8,14.1,14.5
2025-10-29,30.0,24.1,6.3,15.7
2025-10-30,30.2,24.3,0.4,8.3
2025-10-31,30.7,24.1,0.0,10.5
2025-11-01,30.5,24.0,0.0,14.1
2025-11-02,29.9,23.6,0.1,14.7
2025-11-03,29.5,23.8,1.1,17.3
2025-11-04,29.9,24.6,1.1,17.8
2025-11-05,29.4,25.1,1.0,19.9
2025-11-06,30.0,24.6,0.1,15.0
2025-11-07,29.6,24.5,0.0,16.5
2025-11-08,29.9,24.4,0.3,17.2
2025-11-09,28.4,23.9,5.3,10.5
2025-11-10,28.1,23.6,3.4,8.4
2025-11-11,29.4,24.2,0.7,14.2
2025-11-12,29.5,24.8,0.5,14.8
2025-11-13,29.6,24.8,2.2,12.4
2025-11-14,29.3,24.1,1.6,10.3
2025-11-15,28.8,24.1,1.0,7.6
2025-11-16,30.0,23.6,4.3,13.5
2025-11-17,28.9,24.0,3.5,8.5
2025-11-18,29.3,23.7,6.4,12.2
2025-11-19,29.6,23.4,6.3,8.9
2025-11-20,29.5,24.1,10.4,10.5
2025-11-21,31.0,24.8,3.8,14.0
2025-11-22,30.0,25.4,2.9,10.1
2025-11-23,30.2,24.8,19.2,10.3
2025-11-24,28.9,25.1,2.6,11.5
2025-11-25,30.1,24.2,0.2,7.8
2025-11-26,30.2,24.0,0.0,10.0
2025-11-27,30.0,23.9,0.0,9.7
2025-11-28,29.8,23.2,0.2,10.6
2025-11-29,28.9,23.2,0.0,7.4
2025-11-30,29.6,23.0,0.1,11.7
2025-12-01,30.1,23.5,3.8,11.1
2025-12-02,29.8,23.6,3.9,12.0
2025-12-03,28.5,24.6,5.2,7.2
2025-12-04,30.3,24.8,10.3,10.5
2025-12-05,30.5,24.6,1.6,8.3
2025-12-06,30.1,24.3,0.0,11.1
2025-12-07,29.5,24.5,0.5,13.0
2025-12-08,30.7,23.8,0.0,12.2
2025-12-09,30.0,23.0,0.0,9.6
2025-12-10,31.0,23.1,0.0,8.5
2025-12-11,31.8,23.3,0.0,11.1
2025-12-12,30.5,22.4,0.0,11.6
2025-12-13,30.9,22.8,0.0,13.4
2025-12-14,31.6,22.4,0.0,14.3
2025-12-15,31.2,21.5,0.0,12.8
2025-12-16,30.4,21.5,0.0,16.3
2025-12-17,32.5,24.4,0.0,13.3
2025-12-18,31.9,21.4,0.0,11.7
2025-12-19,32.2,21.5,0.0,13.5
2025-12-20,32.1,20.4,0.0,14.1
2025-12-21,30.5,21.0,0.0,11.7
2025-12-22,31.2,21.1,0.0,13.2
2025-12-23,30.9,22.0,0.0,13.0
2025-12-24,31.5,21.9,0.4,13.1
2025-12-25,31.0,22.5,0.2,13.5
2025-12-26,30.4,22.2,0.0,17.4
2025-12-27,32.0,23.2,0.1,17.0
2025-12-28,31.9,23.9,0.0,15.0
2025-12-29,32.2,23.7,0.0,14.7
2025-12-30,31.5,23.9,0.1,16.4
2025-12-31,29.2,24.1,1.3,15.7
